,total,with hd,without hd,true positives,false positives,true negatives,false negatives,accuracy,precision,recall,f1
0,167805,11234,156571,296,312,156259,10938,0.9329578975596675,0.4868421052631579,0.02634858465372975,0.02499577774024658
1,151990,16139,135851,274,168,135683,15865,0.8945127968945326,0.6199095022624435,0.016977507900117726,0.0165249381822568
