,total,with hd,without hd,true positives,false positives,true negatives,false negatives,accuracy,precision,recall,f1
0,167805,11234,156571,9334,70488,86083,1900,0.5686183367599297,0.11693518077722934,0.8308705714794374,0.10250834651203655
1,151990,16139,135851,13444,52739,83112,2695,0.6352786367524179,0.2031337352492332,0.8330131978437326,0.1633099293020092
