,total,with hd,without hd,true positives,false positives,true negatives,false negatives,accuracy,precision,recall,f1
0,167805,11234,156571,4517,16782,139789,6717,0.8599624564226334,0.21207568430442744,0.40208296243546376,0.1388436356929887
1,151990,16139,135851,4341,9132,126719,11798,0.8622935719455227,0.32219995546648855,0.26897577297230313,0.1465959746048899
